CustomerID,prediction,is_high_value,probability
12377,0,0,"{""type"":""1"",""size"":null,""indices"":null,""values"":[""0.9599460321473171"",""0.04005396785268289""]}"
12386,0,0,"{""type"":""1"",""size"":null,""indices"":null,""values"":[""0.9598298044478025"",""0.040170195552197474""]}"
12393,0,0,"{""type"":""1"",""size"":null,""indices"":null,""values"":[""0.9300707901702525"",""0.06992920982974749""]}"
12413,0,0,"{""type"":""1"",""size"":null,""indices"":null,""values"":[""0.944471592723628"",""0.05552840727637198""]}"
12423,0,0,"{""type"":""1"",""size"":null,""indices"":null,""values"":[""0.9760712638534002"",""0.02392873614659985""]}"
12433,0,1,"{""type"":""1"",""size"":null,""indices"":null,""values"":[""0.8123637235084148"",""0.1876362764915852""]}"
12437,0,0,"{""type"":""1"",""size"":null,""indices"":null,""values"":[""0.9520744009768121"",""0.04792559902318794""]}"
12481,0,0,"{""type"":""1"",""size"":null,""indices"":null,""values"":[""0.9109505293792183"",""0.08904947062078172""]}"
12483,0,0,"{""type"":""1"",""size"":null,""indices"":null,""values"":[""0.9605593069412345"",""0.03944069305876552""]}"
12484,0,0,"{""type"":""1"",""size"":null,""indices"":null,""values"":[""0.7490032207013874"",""0.25099677929861264""]}"
12567,0,0,"{""type"":""1"",""size"":null,""indices"":null,""values"":[""0.9461149950863049"",""0.05388500491369508""]}"
12578,0,0,"{""type"":""1"",""size"":null,""indices"":null,""values"":[""0.8334327241221307"",""0.16656727587786935""]}"
12583,0,0,"{""type"":""1"",""size"":null,""indices"":null,""values"":[""0.9143172364280449"",""0.08568276357195515""]}"
12621,0,0,"{""type"":""1"",""size"":null,""indices"":null,""values"":[""0.9704491712696703"",""0.02955082873032966""]}"
12647,0,0,"{""type"":""1"",""size"":null,""indices"":null,""values"":[""0.9614280522308553"",""0.03857194776914474""]}"
12652,0,0,"{""type"":""1"",""size"":null,""indices"":null,""values"":[""0.8926967545609572"",""0.1073032454390428""]}"
12673,0,0,"{""type"":""1"",""size"":null,""indices"":null,""values"":[""0.9200028035726682"",""0.07999719642733183""]}"
12705,0,0,"{""type"":""1"",""size"":null,""indices"":null,""values"":[""0.9727955729691957"",""0.02720442703080428""]}"
12712,0,0,"{""type"":""1"",""size"":null,""indices"":null,""values"":[""0.9226912713223988"",""0.07730872867760119""]}"
12738,0,0,"{""type"":""1"",""size"":null,""indices"":null,""values"":[""0.9900577161424698"",""0.009942283857530154""]}"
12748,1,1,"{""type"":""1"",""size"":null,""indices"":null,""values"":[""1.2461150185501457E-5"",""0.9999875388498145""]}"
12753,0,1,"{""type"":""1"",""size"":null,""indices"":null,""values"":[""0.9619788591337"",""0.03802114086630004""]}"
12785,0,0,"{""type"":""1"",""size"":null,""indices"":null,""values"":[""0.9853156198925148"",""0.014684380107485184""]}"
12808,0,0,"{""type"":""1"",""size"":null,""indices"":null,""values"":[""0.9892318258911752"",""0.010768174108824802""]}"
12839,0,0,"{""type"":""1"",""size"":null,""indices"":null,""values"":[""0.9692137749225117"",""0.030786225077488294""]}"
12868,0,0,"{""type"":""1"",""size"":null,""indices"":null,""values"":[""0.9180241969485411"",""0.0819758030514589""]}"
12872,0,0,"{""type"":""1"",""size"":null,""indices"":null,""values"":[""0.8219362172892504"",""0.17806378271074963""]}"
12942,0,0,"{""type"":""1"",""size"":null,""indices"":null,""values"":[""0.9853001126197835"",""0.014699887380216548""]}"
12963,0,0,"{""type"":""1"",""size"":null,""indices"":null,""values"":[""0.9853001126197835"",""0.014699887380216548""]}"
12971,0,0,"{""type"":""1"",""size"":null,""indices"":null,""values"":[""0.9180241969485411"",""0.0819758030514589""]}"
12980,0,0,"{""type"":""1"",""size"":null,""indices"":null,""values"":[""0.9539749760692814"",""0.04602502393071861""]}"
13000,0,0,"{""type"":""1"",""size"":null,""indices"":null,""values"":[""0.986209187242101"",""0.013790812757898951""]}"
13008,0,0,"{""type"":""1"",""size"":null,""indices"":null,""values"":[""0.9247903130011169"",""0.07520968699888309""]}"
13021,0,0,"{""type"":""1"",""size"":null,""indices"":null,""values"":[""0.9838007428114938"",""0.016199257188506233""]}"
13033,0,0,"{""type"":""1"",""size"":null,""indices"":null,""values"":[""0.9816598608093785"",""0.018340139190621496""]}"
13064,0,0,"{""type"":""1"",""size"":null,""indices"":null,""values"":[""0.9427953304092522"",""0.05720466959074777""]}"
13065,0,0,"{""type"":""1"",""size"":null,""indices"":null,""values"":[""0.9898357852611814"",""0.010164214738818567""]}"
13077,0,0,"{""type"":""1"",""size"":null,""indices"":null,""values"":[""0.9864663871472551"",""0.013533612852744903""]}"
13089,1,1,"{""type"":""1"",""size"":null,""indices"":null,""values"":[""0.0712276624883995"",""0.9287723375116005""]}"
13092,0,0,"{""type"":""1"",""size"":null,""indices"":null,""values"":[""0.9844472917079743"",""0.015552708292025708""]}"
13097,0,0,"{""type"":""1"",""size"":null,""indices"":null,""values"":[""0.907374931550484"",""0.09262506844951601""]}"
13155,0,0,"{""type"":""1"",""size"":null,""indices"":null,""values"":[""0.8340267127895723"",""0.1659732872104277""]}"
13174,0,0,"{""type"":""1"",""size"":null,""indices"":null,""values"":[""0.8928645040440352"",""0.10713549595596483""]}"
13183,0,0,"{""type"":""1"",""size"":null,""indices"":null,""values"":[""0.9446518883222412"",""0.05534811167775877""]}"
13255,0,0,"{""type"":""1"",""size"":null,""indices"":null,""values"":[""0.9914097582811404"",""0.008590241718859581""]}"
13263,0,0,"{""type"":""1"",""size"":null,""indices"":null,""values"":[""0.8870871722905878"",""0.11291282770941224""]}"
13267,0,0,"{""type"":""1"",""size"":null,""indices"":null,""values"":[""0.9061233568187821"",""0.09387664318121791""]}"
13269,0,0,"{""type"":""1"",""size"":null,""indices"":null,""values"":[""0.9777911089271997"",""0.02220889107280033""]}"
13270,0,0,"{""type"":""1"",""size"":null,""indices"":null,""values"":[""0.9896967071757297"",""0.010303292824270338""]}"
13280,0,0,"{""type"":""1"",""size"":null,""indices"":null,""values"":[""0.9374140283523901"",""0.06258597164760993""]}"
13305,0,0,"{""type"":""1"",""size"":null,""indices"":null,""values"":[""0.9912363704743934"",""0.008763629525606609""]}"
13313,0,0,"{""type"":""1"",""size"":null,""indices"":null,""values"":[""0.9572133444424517"",""0.04278665555754835""]}"
13329,0,0,"{""type"":""1"",""size"":null,""indices"":null,""values"":[""0.9883134189862839"",""0.011686581013716113""]}"
13368,0,0,"{""type"":""1"",""size"":null,""indices"":null,""values"":[""0.9665827685584919"",""0.0334172314415081""]}"
13385,0,0,"{""type"":""1"",""size"":null,""indices"":null,""values"":[""0.9062859602480213"",""0.09371403975197867""]}"
13455,0,0,"{""type"":""1"",""size"":null,""indices"":null,""values"":[""0.9810957341485579"",""0.018904265851442115""]}"
13468,0,0,"{""type"":""1"",""size"":null,""indices"":null,""values"":[""0.8704815068603204"",""0.12951849313967956""]}"
13473,0,0,"{""type"":""1"",""size"":null,""indices"":null,""values"":[""0.949031489540002"",""0.05096851045999795""]}"
13491,0,0,"{""type"":""1"",""size"":null,""indices"":null,""values"":[""0.9377275299570801"",""0.062272470042919914""]}"
13496,0,0,"{""type"":""1"",""size"":null,""indices"":null,""values"":[""0.9768985402909207"",""0.023101459709079286""]}"
13520,0,0,"{""type"":""1"",""size"":null,""indices"":null,""values"":[""0.8993275176593603"",""0.10067248234063975""]}"
13564,0,0,"{""type"":""1"",""size"":null,""indices"":null,""values"":[""0.9193553586985272"",""0.08064464130147275""]}"
13565,0,0,"{""type"":""1"",""size"":null,""indices"":null,""values"":[""0.9519275525265588"",""0.04807244747344119""]}"
13576,0,0,"{""type"":""1"",""size"":null,""indices"":null,""values"":[""0.9433599126749884"",""0.05664008732501158""]}"
13593,0,0,"{""type"":""1"",""size"":null,""indices"":null,""values"":[""0.9252967241106386"",""0.07470327588936143""]}"
13599,0,0,"{""type"":""1"",""size"":null,""indices"":null,""values"":[""0.9444836227910502"",""0.05551637720894975""]}"
13627,0,0,"{""type"":""1"",""size"":null,""indices"":null,""values"":[""0.9778839676520076"",""0.02211603234799242""]}"
13629,0,0,"{""type"":""1"",""size"":null,""indices"":null,""values"":[""0.9665481502984888"",""0.03345184970151116""]}"
13652,0,0,"{""type"":""1"",""size"":null,""indices"":null,""values"":[""0.9864377547718187"",""0.01356224522818128""]}"
13656,0,0,"{""type"":""1"",""size"":null,""indices"":null,""values"":[""0.9386480299347938"",""0.06135197006520621""]}"
13715,0,0,"{""type"":""1"",""size"":null,""indices"":null,""values"":[""0.8038478456361228"",""0.19615215436387723""]}"
13747,0,0,"{""type"":""1"",""size"":null,""indices"":null,""values"":[""0.9922681716741723"",""0.00773182832582775""]}"
13750,0,0,"{""type"":""1"",""size"":null,""indices"":null,""values"":[""0.9652198029662103"",""0.03478019703378965""]}"
13767,0,1,"{""type"":""1"",""size"":null,""indices"":null,""values"":[""0.8387787644839741"",""0.16122123551602585""]}"
13769,0,0,"{""type"":""1"",""size"":null,""indices"":null,""values"":[""0.9101124513782164"",""0.08988754862178361""]}"
13784,0,0,"{""type"":""1"",""size"":null,""indices"":null,""values"":[""0.9566474401330752"",""0.04335255986692477""]}"
13817,0,0,"{""type"":""1"",""size"":null,""indices"":null,""values"":[""0.9775615697136629"",""0.022438430286337074""]}"
13838,0,0,"{""type"":""1"",""size"":null,""indices"":null,""values"":[""0.9746333935159601"",""0.025366606484039878""]}"
13859,0,0,"{""type"":""1"",""size"":null,""indices"":null,""values"":[""0.9135259594219425"",""0.08647404057805752""]}"
13890,0,0,"{""type"":""1"",""size"":null,""indices"":null,""values"":[""0.9823903276582912"",""0.01760967234170885""]}"
13922,0,0,"{""type"":""1"",""size"":null,""indices"":null,""values"":[""0.978474257790921"",""0.02152574220907899""]}"
13941,0,0,"{""type"":""1"",""size"":null,""indices"":null,""values"":[""0.9900577161424698"",""0.009942283857530154""]}"
13959,0,0,"{""type"":""1"",""size"":null,""indices"":null,""values"":[""0.9833890664771652"",""0.016610933522834825""]}"
13999,0,0,"{""type"":""1"",""size"":null,""indices"":null,""values"":[""0.9815784096116661"",""0.01842159038833391""]}"
14037,0,0,"{""type"":""1"",""size"":null,""indices"":null,""values"":[""0.9811354288253386"",""0.01886457117466145""]}"
14040,0,0,"{""type"":""1"",""size"":null,""indices"":null,""values"":[""0.9326478971795434"",""0.06735210282045656""]}"
14060,0,0,"{""type"":""1"",""size"":null,""indices"":null,""values"":[""0.9311648477521743"",""0.06883515224782566""]}"
14083,0,0,"{""type"":""1"",""size"":null,""indices"":null,""values"":[""0.8963803823291322"",""0.1036196176708678""]}"
14090,0,0,"{""type"":""1"",""size"":null,""indices"":null,""values"":[""0.9440994212035538"",""0.055900578796446165""]}"
14113,0,0,"{""type"":""1"",""size"":null,""indices"":null,""values"":[""0.9828263239252433"",""0.017173676074756727""]}"
14114,0,0,"{""type"":""1"",""size"":null,""indices"":null,""values"":[""0.9459708594296333"",""0.054029140570366674""]}"
14142,0,0,"{""type"":""1"",""size"":null,""indices"":null,""values"":[""0.9879769137277532"",""0.012023086272246797""]}"
14146,0,0,"{""type"":""1"",""size"":null,""indices"":null,""values"":[""0.9698409559394736"",""0.030159044060526385""]}"
14150,0,0,"{""type"":""1"",""size"":null,""indices"":null,""values"":[""0.9804231008665895"",""0.01957689913341054""]}"
14156,0,1,"{""type"":""1"",""size"":null,""indices"":null,""values"":[""0.8844593436605821"",""0.1155406563394179""]}"
14161,0,0,"{""type"":""1"",""size"":null,""indices"":null,""values"":[""0.9846075009257086"",""0.01539249907429141""]}"
14176,0,0,"{""type"":""1"",""size"":null,""indices"":null,""values"":[""0.9342988002634262"",""0.06570119973657385""]}"
14185,0,0,"{""type"":""1"",""size"":null,""indices"":null,""values"":[""0.9558036792562072"",""0.04419632074379276""]}"
14209,0,0,"{""type"":""1"",""size"":null,""indices"":null,""values"":[""0.9447637984902157"",""0.055236201509784255""]}"
14215,0,0,"{""type"":""1"",""size"":null,""indices"":null,""values"":[""0.8987441086275463"",""0.10125589137245372""]}"
14229,0,0,"{""type"":""1"",""size"":null,""indices"":null,""values"":[""0.9400880840931539"",""0.05991191590684608""]}"
14270,0,0,"{""type"":""1"",""size"":null,""indices"":null,""values"":[""0.9256661098403319"",""0.07433389015966807""]}"
14299,0,0,"{""type"":""1"",""size"":null,""indices"":null,""values"":[""0.9414627031182394"",""0.05853729688176057""]}"
14307,0,0,"{""type"":""1"",""size"":null,""indices"":null,""values"":[""0.7475121125080493"",""0.2524878874919507""]}"
14355,0,0,"{""type"":""1"",""size"":null,""indices"":null,""values"":[""0.9867609032708632"",""0.013239096729136812""]}"
14409,0,0,"{""type"":""1"",""size"":null,""indices"":null,""values"":[""0.9903057495469052"",""0.0096942504530948""]}"
14415,0,0,"{""type"":""1"",""size"":null,""indices"":null,""values"":[""0.6545177536078889"",""0.3454822463921111""]}"
14428,0,0,"{""type"":""1"",""size"":null,""indices"":null,""values"":[""0.9152714562501214"",""0.0847285437498786""]}"
14448,0,0,"{""type"":""1"",""size"":null,""indices"":null,""values"":[""0.984034959634856"",""0.015965040365144012""]}"
14491,0,0,"{""type"":""1"",""size"":null,""indices"":null,""values"":[""0.9914188764707298"",""0.008581123529270207""]}"
14496,0,0,"{""type"":""1"",""size"":null,""indices"":null,""values"":[""0.9915886840495857"",""0.008411315950414333""]}"
14532,0,0,"{""type"":""1"",""size"":null,""indices"":null,""values"":[""0.9760962706731866"",""0.023903729326813394""]}"
14543,0,0,"{""type"":""1"",""size"":null,""indices"":null,""values"":[""0.9878384790379449"",""0.012161520962055139""]}"
14560,0,0,"{""type"":""1"",""size"":null,""indices"":null,""values"":[""0.9804773577900283"",""0.019522642209971686""]}"
14573,0,0,"{""type"":""1"",""size"":null,""indices"":null,""values"":[""0.9674186327602612"",""0.03258136723973881""]}"
14577,0,0,"{""type"":""1"",""size"":null,""indices"":null,""values"":[""0.9758450511603622"",""0.024154948839637758""]}"
14587,0,0,"{""type"":""1"",""size"":null,""indices"":null,""values"":[""0.8116055717914563"",""0.18839442820854368""]}"
14594,0,0,"{""type"":""1"",""size"":null,""indices"":null,""values"":[""0.984208868802978"",""0.015791131197022024""]}"
14608,0,0,"{""type"":""1"",""size"":null,""indices"":null,""values"":[""0.9878641906099964"",""0.012135809390003582""]}"
14618,0,0,"{""type"":""1"",""size"":null,""indices"":null,""values"":[""0.9637285123045285"",""0.036271487695471505""]}"
14653,0,0,"{""type"":""1"",""size"":null,""indices"":null,""values"":[""0.9409758871163072"",""0.0590241128836928""]}"
14669,0,0,"{""type"":""1"",""size"":null,""indices"":null,""values"":[""0.703652712425285"",""0.29634728757471496""]}"
14673,0,0,"{""type"":""1"",""size"":null,""indices"":null,""values"":[""0.9867328856081342"",""0.013267114391865786""]}"
14684,0,0,"{""type"":""1"",""size"":null,""indices"":null,""values"":[""0.9703017950434374"",""0.029698204956562613""]}"
14713,0,0,"{""type"":""1"",""size"":null,""indices"":null,""values"":[""0.9651412484832608"",""0.03485875151673923""]}"
14715,0,0,"{""type"":""1"",""size"":null,""indices"":null,""values"":[""0.9459160832241607"",""0.05408391677583935""]}"
14729,0,0,"{""type"":""1"",""size"":null,""indices"":null,""values"":[""0.9638404372415454"",""0.036159562758454555""]}"
14732,0,0,"{""type"":""1"",""size"":null,""indices"":null,""values"":[""0.9629026157988233"",""0.0370973842011767""]}"
14735,0,0,"{""type"":""1"",""size"":null,""indices"":null,""values"":[""0.897466589888113"",""0.10253341011188699""]}"
14744,0,0,"{""type"":""1"",""size"":null,""indices"":null,""values"":[""0.9892546237286484"",""0.010745376271351637""]}"
14748,0,0,"{""type"":""1"",""size"":null,""indices"":null,""values"":[""0.9818291526393782"",""0.0181708473606218""]}"
14766,0,0,"{""type"":""1"",""size"":null,""indices"":null,""values"":[""0.9885560938174885"",""0.011443906182511454""]}"
14769,0,0,"{""type"":""1"",""size"":null,""indices"":null,""values"":[""0.8313355421650448"",""0.1686644578349552""]}"
14770,0,0,"{""type"":""1"",""size"":null,""indices"":null,""values"":[""0.9202390023519945"",""0.07976099764800548""]}"
14784,0,0,"{""type"":""1"",""size"":null,""indices"":null,""values"":[""0.9382881409902227"",""0.06171185900977727""]}"
14794,0,0,"{""type"":""1"",""size"":null,""indices"":null,""values"":[""0.9556677255796093"",""0.04433227442039067""]}"
14810,0,0,"{""type"":""1"",""size"":null,""indices"":null,""values"":[""0.9209295830741615"",""0.0790704169258385""]}"
14849,0,0,"{""type"":""1"",""size"":null,""indices"":null,""values"":[""0.9749287010376396"",""0.025071298962360378""]}"
14866,0,0,"{""type"":""1"",""size"":null,""indices"":null,""values"":[""0.9896967071757297"",""0.010303292824270338""]}"
14867,0,0,"{""type"":""1"",""size"":null,""indices"":null,""values"":[""0.9537392346471066"",""0.04626076535289336""]}"
14916,0,0,"{""type"":""1"",""size"":null,""indices"":null,""values"":[""0.9261804280166464"",""0.07381957198335365""]}"
14976,0,0,"{""type"":""1"",""size"":null,""indices"":null,""values"":[""0.9302795151005173"",""0.06972048489948268""]}"
15012,0,0,"{""type"":""1"",""size"":null,""indices"":null,""values"":[""0.98014656551661"",""0.019853434483390053""]}"
15021,0,0,"{""type"":""1"",""size"":null,""indices"":null,""values"":[""0.9741899274859731"",""0.025810072514026894""]}"
15023,0,0,"{""type"":""1"",""size"":null,""indices"":null,""values"":[""0.7052616468839259"",""0.2947383531160741""]}"
15033,0,0,"{""type"":""1"",""size"":null,""indices"":null,""values"":[""0.8531884563148837"",""0.14681154368511629""]}"
15039,1,1,"{""type"":""1"",""size"":null,""indices"":null,""values"":[""0.09744511924251188"",""0.9025548807574881""]}"
15070,0,0,"{""type"":""1"",""size"":null,""indices"":null,""values"":[""0.9919440876685203"",""0.008055912331479731""]}"
15078,0,0,"{""type"":""1"",""size"":null,""indices"":null,""values"":[""0.964566658603815"",""0.035433341396185036""]}"
15079,0,0,"{""type"":""1"",""size"":null,""indices"":null,""values"":[""0.9885682061274872"",""0.011431793872512808""]}"
15107,0,0,"{""type"":""1"",""size"":null,""indices"":null,""values"":[""0.9402817126054595"",""0.05971828739454055""]}"
15111,0,0,"{""type"":""1"",""size"":null,""indices"":null,""values"":[""0.9889566218939335"",""0.011043378106066482""]}"
15159,0,1,"{""type"":""1"",""size"":null,""indices"":null,""values"":[""0.8584274066417172"",""0.14157259335828276""]}"
15160,0,0,"{""type"":""1"",""size"":null,""indices"":null,""values"":[""0.9841523362984637"",""0.01584766370153634""]}"
15164,0,0,"{""type"":""1"",""size"":null,""indices"":null,""values"":[""0.9589189190785071"",""0.041081080921492874""]}"
15180,0,0,"{""type"":""1"",""size"":null,""indices"":null,""values"":[""0.9890149651829072"",""0.010985034817092787""]}"
15192,0,0,"{""type"":""1"",""size"":null,""indices"":null,""values"":[""0.9856044481143311"",""0.014395551885668878""]}"
15194,0,0,"{""type"":""1"",""size"":null,""indices"":null,""values"":[""0.7832313007360896"",""0.2167686992639104""]}"
15197,0,0,"{""type"":""1"",""size"":null,""indices"":null,""values"":[""0.9850999066460129"",""0.01490009335398712""]}"
15204,0,0,"{""type"":""1"",""size"":null,""indices"":null,""values"":[""0.9824088497312772"",""0.01759115026872282""]}"
15208,0,0,"{""type"":""1"",""size"":null,""indices"":null,""values"":[""0.9817368458305754"",""0.01826315416942459""]}"
15211,0,0,"{""type"":""1"",""size"":null,""indices"":null,""values"":[""0.9807051955085401"",""0.019294804491459927""]}"
15213,0,0,"{""type"":""1"",""size"":null,""indices"":null,""values"":[""0.9300707901702525"",""0.06992920982974749""]}"
15271,0,0,"{""type"":""1"",""size"":null,""indices"":null,""values"":[""0.9266782211456275"",""0.07332177885437252""]}"
15290,0,0,"{""type"":""1"",""size"":null,""indices"":null,""values"":[""0.9341012556570402"",""0.06589874434295984""]}"
15296,0,0,"{""type"":""1"",""size"":null,""indices"":null,""values"":[""0.8249558388428593"",""0.17504416115714072""]}"
15298,0,0,"{""type"":""1"",""size"":null,""indices"":null,""values"":[""0.8737536354398018"",""0.12624636456019822""]}"
15312,0,0,"{""type"":""1"",""size"":null,""indices"":null,""values"":[""0.9770191073263853"",""0.022980892673614695""]}"
15316,0,0,"{""type"":""1"",""size"":null,""indices"":null,""values"":[""0.9483107248157431"",""0.05168927518425692""]}"
15350,0,0,"{""type"":""1"",""size"":null,""indices"":null,""values"":[""0.9915886840495857"",""0.008411315950414333""]}"
15353,0,0,"{""type"":""1"",""size"":null,""indices"":null,""values"":[""0.9875413006229461"",""0.012458699377053906""]}"
15358,0,0,"{""type"":""1"",""size"":null,""indices"":null,""values"":[""0.8380531498462572"",""0.16194685015374277""]}"
15392,0,0,"{""type"":""1"",""size"":null,""indices"":null,""values"":[""0.9799994483986131"",""0.020000551601386918""]}"
15426,0,0,"{""type"":""1"",""size"":null,""indices"":null,""values"":[""0.9584870898980181"",""0.04151291010198188""]}"
15447,0,0,"{""type"":""1"",""size"":null,""indices"":null,""values"":[""0.9481002868304581"",""0.051899713169541895""]}"
15465,0,0,"{""type"":""1"",""size"":null,""indices"":null,""values"":[""0.947889039186465"",""0.052110960813534946""]}"
15482,0,0,"{""type"":""1"",""size"":null,""indices"":null,""values"":[""0.9838007428114938"",""0.016199257188506233""]}"
15503,0,0,"{""type"":""1"",""size"":null,""indices"":null,""values"":[""0.9495064809727735"",""0.05049351902722654""]}"
15510,0,0,"{""type"":""1"",""size"":null,""indices"":null,""values"":[""0.9558489087175207"",""0.04415109128247929""]}"
15512,0,0,"{""type"":""1"",""size"":null,""indices"":null,""values"":[""0.9847690104370442"",""0.015230989562955766""]}"
15513,0,1,"{""type"":""1"",""size"":null,""indices"":null,""values"":[""0.8953173426444201"",""0.10468265735557991""]}"
15518,0,0,"{""type"":""1"",""size"":null,""indices"":null,""values"":[""0.9060321951100702"",""0.09396780488992984""]}"
15529,0,0,"{""type"":""1"",""size"":null,""indices"":null,""values"":[""0.7634350866006269"",""0.23656491339937313""]}"
15532,0,0,"{""type"":""1"",""size"":null,""indices"":null,""values"":[""0.9572210433666329"",""0.04277895663336706""]}"
15535,0,0,"{""type"":""1"",""size"":null,""indices"":null,""values"":[""0.9046720387004694"",""0.09532796129953058""]}"
15545,0,0,"{""type"":""1"",""size"":null,""indices"":null,""values"":[""0.9842492460412432"",""0.015750753958756802""]}"
15602,0,0,"{""type"":""1"",""size"":null,""indices"":null,""values"":[""0.9557584056053069"",""0.04424159439469311""]}"
15606,0,0,"{""type"":""1"",""size"":null,""indices"":null,""values"":[""0.93311739854391"",""0.06688260145609004""]}"
15640,0,1,"{""type"":""1"",""size"":null,""indices"":null,""values"":[""0.7081077821056608"",""0.29189221789433917""]}"
15649,0,0,"{""type"":""1"",""size"":null,""indices"":null,""values"":[""0.964500039095664"",""0.03549996090433605""]}"
15694,0,0,"{""type"":""1"",""size"":null,""indices"":null,""values"":[""0.9313705480988785"",""0.06862945190112146""]}"
15713,0,0,"{""type"":""1"",""size"":null,""indices"":null,""values"":[""0.9878127136640327"",""0.012187286335967329""]}"
15716,0,0,"{""type"":""1"",""size"":null,""indices"":null,""values"":[""0.9806326634410619"",""0.019367336558938075""]}"
15723,0,0,"{""type"":""1"",""size"":null,""indices"":null,""values"":[""0.9762908962748378"",""0.023709103725162217""]}"
15727,0,1,"{""type"":""1"",""size"":null,""indices"":null,""values"":[""0.7541382472300786"",""0.2458617527699214""]}"
15752,0,0,"{""type"":""1"",""size"":null,""indices"":null,""values"":[""0.9894108344175214"",""0.010589165582478577""]}"
15811,0,0,"{""type"":""1"",""size"":null,""indices"":null,""values"":[""0.9754625639049428"",""0.024537436095057208""]}"
15823,0,0,"{""type"":""1"",""size"":null,""indices"":null,""values"":[""0.9919440876685203"",""0.008055912331479731""]}"
15845,0,0,"{""type"":""1"",""size"":null,""indices"":null,""values"":[""0.9573010042173066"",""0.04269899578269343""]}"
15854,0,0,"{""type"":""1"",""size"":null,""indices"":null,""values"":[""0.9327823515660736"",""0.06721764843392641""]}"
15856,0,1,"{""type"":""1"",""size"":null,""indices"":null,""values"":[""0.944809506368919"",""0.05519049363108097""]}"
15867,0,0,"{""type"":""1"",""size"":null,""indices"":null,""values"":[""0.6808182468002605"",""0.3191817531997395""]}"
15894,0,0,"{""type"":""1"",""size"":null,""indices"":null,""values"":[""0.9802164331101202"",""0.01978356688987981""]}"
15916,0,0,"{""type"":""1"",""size"":null,""indices"":null,""values"":[""0.892799322767024"",""0.107200677232976""]}"
15965,0,0,"{""type"":""1"",""size"":null,""indices"":null,""values"":[""0.986452078419661"",""0.013547921580339017""]}"
15973,0,0,"{""type"":""1"",""size"":null,""indices"":null,""values"":[""0.9890265972114349"",""0.010973402788565068""]}"
15983,0,0,"{""type"":""1"",""size"":null,""indices"":null,""values"":[""0.9372137473941791"",""0.06278625260582094""]}"
16010,0,0,"{""type"":""1"",""size"":null,""indices"":null,""values"":[""0.9803745696849546"",""0.019625430315045378""]}"
16011,0,0,"{""type"":""1"",""size"":null,""indices"":null,""values"":[""0.973760435319345"",""0.026239564680655025""]}"
16033,1,0,"{""type"":""1"",""size"":null,""indices"":null,""values"":[""0.49494389047654525"",""0.5050561095234547""]}"
16037,0,0,"{""type"":""1"",""size"":null,""indices"":null,""values"":[""0.9800413981981706"",""0.0199586018018294""]}"
16112,0,0,"{""type"":""1"",""size"":null,""indices"":null,""values"":[""0.9468496556735649"",""0.05315034432643506""]}"
16122,0,0,"{""type"":""1"",""size"":null,""indices"":null,""values"":[""0.941344520064423"",""0.05865547993557696""]}"
16134,0,0,"{""type"":""1"",""size"":null,""indices"":null,""values"":[""0.9812343082122136"",""0.01876569178778642""]}"
16143,0,0,"{""type"":""1"",""size"":null,""indices"":null,""values"":[""0.9711485643964141"",""0.02885143560358594""]}"
16150,0,0,"{""type"":""1"",""size"":null,""indices"":null,""values"":[""0.9874752295827396"",""0.012524770417260411""]}"
16161,0,0,"{""type"":""1"",""size"":null,""indices"":null,""values"":[""0.765947059247926"",""0.23405294075207395""]}"
16168,0,0,"{""type"":""1"",""size"":null,""indices"":null,""values"":[""0.9904973731127996"",""0.009502626887200383""]}"
16186,0,0,"{""type"":""1"",""size"":null,""indices"":null,""values"":[""0.9874723919722584"",""0.012527608027741555""]}"
16221,0,0,"{""type"":""1"",""size"":null,""indices"":null,""values"":[""0.9875413006229461"",""0.012458699377053906""]}"
16235,0,0,"{""type"":""1"",""size"":null,""indices"":null,""values"":[""0.9539279194353719"",""0.04607208056462808""]}"
16255,0,0,"{""type"":""1"",""size"":null,""indices"":null,""values"":[""0.8958786271159456"",""0.10412137288405443""]}"
16350,0,0,"{""type"":""1"",""size"":null,""indices"":null,""values"":[""0.9401010036059723"",""0.05989899639402774""]}"
16353,0,0,"{""type"":""1"",""size"":null,""indices"":null,""values"":[""0.9469919298408225"",""0.05300807015917752""]}"
16393,0,0,"{""type"":""1"",""size"":null,""indices"":null,""values"":[""0.9819434659044958"",""0.01805653409550423""]}"
16401,0,0,"{""type"":""1"",""size"":null,""indices"":null,""values"":[""0.9355254208435682"",""0.06447457915643184""]}"
16411,0,0,"{""type"":""1"",""size"":null,""indices"":null,""values"":[""0.9867048094510206"",""0.01329519054897943""]}"
16473,0,0,"{""type"":""1"",""size"":null,""indices"":null,""values"":[""0.9598710866546768"",""0.0401289133453232""]}"
16493,0,0,"{""type"":""1"",""size"":null,""indices"":null,""values"":[""0.9491867124558901"",""0.05081328754410985""]}"
16503,0,0,"{""type"":""1"",""size"":null,""indices"":null,""values"":[""0.8822084961557705"",""0.11779150384422954""]}"
16510,0,0,"{""type"":""1"",""size"":null,""indices"":null,""values"":[""0.9896309602227096"",""0.010369039777290423""]}"
16519,0,0,"{""type"":""1"",""size"":null,""indices"":null,""values"":[""0.9883257851117946"",""0.011674214888205414""]}"
16520,0,0,"{""type"":""1"",""size"":null,""indices"":null,""values"":[""0.9634208841762011"",""0.03657911582379891""]}"
16525,0,0,"{""type"":""1"",""size"":null,""indices"":null,""values"":[""0.9377900541025376"",""0.062209945897462426""]}"
16532,0,0,"{""type"":""1"",""size"":null,""indices"":null,""values"":[""0.9678940989128075"",""0.03210590108719247""]}"
16550,0,0,"{""type"":""1"",""size"":null,""indices"":null,""values"":[""0.9746655292775463"",""0.02533447072245365""]}"
16551,0,0,"{""type"":""1"",""size"":null,""indices"":null,""values"":[""0.9573447697360123"",""0.042655230263987653""]}"
16553,0,0,"{""type"":""1"",""size"":null,""indices"":null,""values"":[""0.9816019131439309"",""0.01839808685606914""]}"
16567,0,0,"{""type"":""1"",""size"":null,""indices"":null,""values"":[""0.9422731451109829"",""0.057726854889017076""]}"
16654,0,0,"{""type"":""1"",""size"":null,""indices"":null,""values"":[""0.9887700221125931"",""0.011229977887406872""]}"
16686,0,0,"{""type"":""1"",""size"":null,""indices"":null,""values"":[""0.9176690975162269"",""0.08233090248377306""]}"
16700,0,0,"{""type"":""1"",""size"":null,""indices"":null,""values"":[""0.9864663871472551"",""0.013533612852744903""]}"
16701,0,0,"{""type"":""1"",""size"":null,""indices"":null,""values"":[""0.9377900541025376"",""0.062209945897462426""]}"
16710,0,0,"{""type"":""1"",""size"":null,""indices"":null,""values"":[""0.9454106732158871"",""0.05458932678411288""]}"
16718,0,0,"{""type"":""1"",""size"":null,""indices"":null,""values"":[""0.9789570418312196"",""0.021042958168780435""]}"
16719,0,0,"{""type"":""1"",""size"":null,""indices"":null,""values"":[""0.8959998873659168"",""0.10400011263408315""]}"
16727,0,0,"{""type"":""1"",""size"":null,""indices"":null,""values"":[""0.9742437421142826"",""0.02575625788571745""]}"
16735,0,0,"{""type"":""1"",""size"":null,""indices"":null,""values"":[""0.9283217985334459"",""0.07167820146655413""]}"
16746,0,0,"{""type"":""1"",""size"":null,""indices"":null,""values"":[""0.882542038989436"",""0.11745796101056405""]}"
16748,0,0,"{""type"":""1"",""size"":null,""indices"":null,""values"":[""0.9499468663513819"",""0.050053133648618076""]}"
16770,0,0,"{""type"":""1"",""size"":null,""indices"":null,""values"":[""0.9820192822633198"",""0.017980717736680196""]}"
16779,0,0,"{""type"":""1"",""size"":null,""indices"":null,""values"":[""0.8657166863671127"",""0.13428331363288726""]}"
16781,0,0,"{""type"":""1"",""size"":null,""indices"":null,""values"":[""0.9887223436036982"",""0.01127765639630185""]}"
16814,0,0,"{""type"":""1"",""size"":null,""indices"":null,""values"":[""0.8220929438363643"",""0.17790705616363567""]}"
16817,0,0,"{""type"":""1"",""size"":null,""indices"":null,""values"":[""0.9816212489670982"",""0.018378751032901763""]}"
16833,0,0,"{""type"":""1"",""size"":null,""indices"":null,""values"":[""0.9468303779307251"",""0.05316962206927489""]}"
16850,0,0,"{""type"":""1"",""size"":null,""indices"":null,""values"":[""0.943588427844812"",""0.056411572155187995""]}"
16873,0,1,"{""type"":""1"",""size"":null,""indices"":null,""values"":[""0.9552033175807726"",""0.04479668241922741""]}"
16928,0,0,"{""type"":""1"",""size"":null,""indices"":null,""values"":[""0.9914097582811404"",""0.008590241718859581""]}"
16931,0,0,"{""type"":""1"",""size"":null,""indices"":null,""values"":[""0.9252091524470281"",""0.07479084755297194""]}"
16955,0,0,"{""type"":""1"",""size"":null,""indices"":null,""values"":[""0.9537392346471066"",""0.04626076535289336""]}"
16985,0,0,"{""type"":""1"",""size"":null,""indices"":null,""values"":[""0.9787568010061016"",""0.02124319899389837""]}"
16997,0,0,"{""type"":""1"",""size"":null,""indices"":null,""values"":[""0.9429107675528992"",""0.057089232447100846""]}"
17018,0,0,"{""type"":""1"",""size"":null,""indices"":null,""values"":[""0.9405817600967169"",""0.0594182399032831""]}"
17033,0,0,"{""type"":""1"",""size"":null,""indices"":null,""values"":[""0.9841188870196447"",""0.015881112980355327""]}"
17041,0,0,"{""type"":""1"",""size"":null,""indices"":null,""values"":[""0.9816019131439309"",""0.01839808685606914""]}"
17068,0,0,"{""type"":""1"",""size"":null,""indices"":null,""values"":[""0.9097612983568617"",""0.0902387016431383""]}"
17069,0,0,"{""type"":""1"",""size"":null,""indices"":null,""values"":[""0.9717374790026857"",""0.0282625209973143""]}"
17091,0,0,"{""type"":""1"",""size"":null,""indices"":null,""values"":[""0.8564873306827708"",""0.14351266931722917""]}"
17097,0,0,"{""type"":""1"",""size"":null,""indices"":null,""values"":[""0.7853284742255705"",""0.2146715257744295""]}"
17126,0,0,"{""type"":""1"",""size"":null,""indices"":null,""values"":[""0.9664030000152927"",""0.03359699998470733""]}"
17135,0,0,"{""type"":""1"",""size"":null,""indices"":null,""values"":[""0.9900682550924688"",""0.009931744907531237""]}"
17189,0,0,"{""type"":""1"",""size"":null,""indices"":null,""values"":[""0.9715900081588846"",""0.028409991841115367""]}"
17191,0,0,"{""type"":""1"",""size"":null,""indices"":null,""values"":[""0.9593654055577111"",""0.040634594442288896""]}"
17198,0,0,"{""type"":""1"",""size"":null,""indices"":null,""values"":[""0.9451097908770756"",""0.054890209122924416""]}"
17214,0,0,"{""type"":""1"",""size"":null,""indices"":null,""values"":[""0.982000357522334"",""0.017999642477665945""]}"
17218,0,0,"{""type"":""1"",""size"":null,""indices"":null,""values"":[""0.6805854205347812"",""0.3194145794652188""]}"
17227,0,0,"{""type"":""1"",""size"":null,""indices"":null,""values"":[""0.9880376591981588"",""0.01196234080184122""]}"
17228,0,0,"{""type"":""1"",""size"":null,""indices"":null,""values"":[""0.9818482540571102"",""0.01815174594288982""]}"
17236,0,0,"{""type"":""1"",""size"":null,""indices"":null,""values"":[""0.985649973462891"",""0.01435002653710904""]}"
17251,0,0,"{""type"":""1"",""size"":null,""indices"":null,""values"":[""0.9742974474981414"",""0.0257025525018586""]}"
17262,0,0,"{""type"":""1"",""size"":null,""indices"":null,""values"":[""0.9894779622818382"",""0.010522037718161847""]}"
17303,0,0,"{""type"":""1"",""size"":null,""indices"":null,""values"":[""0.9579527216243834"",""0.042047278375616615""]}"
17324,0,0,"{""type"":""1"",""size"":null,""indices"":null,""values"":[""0.9414036395321882"",""0.0585963604678118""]}"
17339,0,0,"{""type"":""1"",""size"":null,""indices"":null,""values"":[""0.9885682061274872"",""0.011431793872512808""]}"
17343,0,0,"{""type"":""1"",""size"":null,""indices"":null,""values"":[""0.9774673885257846"",""0.02253261147421537""]}"
17358,0,0,"{""type"":""1"",""size"":null,""indices"":null,""values"":[""0.9637965253193509"",""0.036203474680649106""]}"
17364,0,0,"{""type"":""1"",""size"":null,""indices"":null,""values"":[""0.9005638772734308"",""0.09943612272656921""]}"
17365,0,0,"{""type"":""1"",""size"":null,""indices"":null,""values"":[""0.8301628512230156"",""0.16983714877698441""]}"
17368,0,0,"{""type"":""1"",""size"":null,""indices"":null,""values"":[""0.9286063935456892"",""0.07139360645431081""]}"
17381,0,1,"{""type"":""1"",""size"":null,""indices"":null,""values"":[""0.950996635114291"",""0.049003364885709""]}"
17389,0,0,"{""type"":""1"",""size"":null,""indices"":null,""values"":[""0.951195933785424"",""0.048804066214576""]}"
17419,0,0,"{""type"":""1"",""size"":null,""indices"":null,""values"":[""0.8871944249668117"",""0.11280557503318833""]}"
17430,0,0,"{""type"":""1"",""size"":null,""indices"":null,""values"":[""0.9883257851117946"",""0.011674214888205414""]}"
17454,0,0,"{""type"":""1"",""size"":null,""indices"":null,""values"":[""0.9837836620990527"",""0.016216337900947342""]}"
17457,0,0,"{""type"":""1"",""size"":null,""indices"":null,""values"":[""0.96719382683799"",""0.032806173162009955""]}"
17511,0,1,"{""type"":""1"",""size"":null,""indices"":null,""values"":[""0.6702378398257414"",""0.32976216017425863""]}"
17524,0,0,"{""type"":""1"",""size"":null,""indices"":null,""values"":[""0.9859620034088681"",""0.014037996591131918""]}"
17551,0,0,"{""type"":""1"",""size"":null,""indices"":null,""values"":[""0.9697782275775542"",""0.030221772422445836""]}"
17572,0,0,"{""type"":""1"",""size"":null,""indices"":null,""values"":[""0.9917639139415468"",""0.008236086058453163""]}"
17593,0,0,"{""type"":""1"",""size"":null,""indices"":null,""values"":[""0.9693731915245547"",""0.0306268084754453""]}"
17609,0,0,"{""type"":""1"",""size"":null,""indices"":null,""values"":[""0.7469918149758156"",""0.25300818502418443""]}"
17611,0,0,"{""type"":""1"",""size"":null,""indices"":null,""values"":[""0.7185418651272918"",""0.2814581348727082""]}"
17629,0,0,"{""type"":""1"",""size"":null,""indices"":null,""values"":[""0.9830922019448495"",""0.016907798055150525""]}"
17634,0,0,"{""type"":""1"",""size"":null,""indices"":null,""values"":[""0.8599589600350972"",""0.1400410399649028""]}"
17677,0,0,"{""type"":""1"",""size"":null,""indices"":null,""values"":[""0.982608001779653"",""0.017391998220346983""]}"
17690,0,0,"{""type"":""1"",""size"":null,""indices"":null,""values"":[""0.7851219144550887"",""0.21487808554491128""]}"
17692,0,0,"{""type"":""1"",""size"":null,""indices"":null,""values"":[""0.9773728211796986"",""0.022627178820301408""]}"
17707,0,0,"{""type"":""1"",""size"":null,""indices"":null,""values"":[""0.9637659391300318"",""0.036234060869968165""]}"
17720,0,0,"{""type"":""1"",""size"":null,""indices"":null,""values"":[""0.9901103004113271"",""0.009889699588672918""]}"
17732,0,0,"{""type"":""1"",""size"":null,""indices"":null,""values"":[""0.9884831531261972"",""0.011516846873802833""]}"
17735,0,0,"{""type"":""1"",""size"":null,""indices"":null,""values"":[""0.9846399371338371"",""0.015360062866162871""]}"
17739,0,0,"{""type"":""1"",""size"":null,""indices"":null,""values"":[""0.950996635114291"",""0.049003364885709""]}"
17760,0,0,"{""type"":""1"",""size"":null,""indices"":null,""values"":[""0.9908500324183666"",""0.009149967581633445""]}"
17771,0,0,"{""type"":""1"",""size"":null,""indices"":null,""values"":[""0.9120921399049484"",""0.08790786009505158""]}"
17787,0,0,"{""type"":""1"",""size"":null,""indices"":null,""values"":[""0.7821060478967268"",""0.21789395210327323""]}"
17790,0,0,"{""type"":""1"",""size"":null,""indices"":null,""values"":[""0.975970981138989"",""0.024029018861011053""]}"
17796,0,0,"{""type"":""1"",""size"":null,""indices"":null,""values"":[""0.8963984930090332"",""0.10360150699096682""]}"
17802,0,0,"{""type"":""1"",""size"":null,""indices"":null,""values"":[""0.9898465570482166"",""0.010153442951783442""]}"
17827,0,0,"{""type"":""1"",""size"":null,""indices"":null,""values"":[""0.8953811722961045"",""0.10461882770389552""]}"
17838,0,0,"{""type"":""1"",""size"":null,""indices"":null,""values"":[""0.9757691844695531"",""0.024230815530446925""]}"
17848,0,0,"{""type"":""1"",""size"":null,""indices"":null,""values"":[""0.9470456774275885"",""0.052954322572411505""]}"
17858,0,0,"{""type"":""1"",""size"":null,""indices"":null,""values"":[""0.9773728211796986"",""0.022627178820301408""]}"
17862,0,0,"{""type"":""1"",""size"":null,""indices"":null,""values"":[""0.9291019259884671"",""0.07089807401153292""]}"
17863,0,0,"{""type"":""1"",""size"":null,""indices"":null,""values"":[""0.9861361509075559"",""0.013863849092444092""]}"
17870,0,0,"{""type"":""1"",""size"":null,""indices"":null,""values"":[""0.9896967071757297"",""0.010303292824270338""]}"
17873,0,0,"{""type"":""1"",""size"":null,""indices"":null,""values"":[""0.9912270600723686"",""0.008772939927631396""]}"
17950,0,0,"{""type"":""1"",""size"":null,""indices"":null,""values"":[""0.9762660881113497"",""0.02373391188865026""]}"
17961,0,0,"{""type"":""1"",""size"":null,""indices"":null,""values"":[""0.7741824140208684"",""0.2258175859791316""]}"
17965,0,0,"{""type"":""1"",""size"":null,""indices"":null,""values"":[""0.8242475271116125"",""0.17575247288838747""]}"
17968,0,0,"{""type"":""1"",""size"":null,""indices"":null,""values"":[""0.9615624817932893"",""0.03843751820671071""]}"
17975,0,0,"{""type"":""1"",""size"":null,""indices"":null,""values"":[""0.9035576661460397"",""0.09644233385396028""]}"
17978,0,0,"{""type"":""1"",""size"":null,""indices"":null,""values"":[""0.9864806809697045"",""0.013519319030295462""]}"
18004,0,0,"{""type"":""1"",""size"":null,""indices"":null,""values"":[""0.976825903857578"",""0.02317409614242205""]}"
18032,0,0,"{""type"":""1"",""size"":null,""indices"":null,""values"":[""0.9591293963314492"",""0.040870603668550776""]}"
18050,0,0,"{""type"":""1"",""size"":null,""indices"":null,""values"":[""0.9850841750202459"",""0.014915824979754078""]}"
18055,0,0,"{""type"":""1"",""size"":null,""indices"":null,""values"":[""0.9251349932808448"",""0.07486500671915519""]}"
18069,0,0,"{""type"":""1"",""size"":null,""indices"":null,""values"":[""0.8090010318156594"",""0.1909989681843406""]}"
18074,0,0,"{""type"":""1"",""size"":null,""indices"":null,""values"":[""0.9900471661216143"",""0.009952833878385747""]}"
18075,0,0,"{""type"":""1"",""size"":null,""indices"":null,""values"":[""0.9834240270347367"",""0.016575972965263253""]}"
18092,0,1,"{""type"":""1"",""size"":null,""indices"":null,""values"":[""0.9340352848651681"",""0.06596471513483193""]}"
18102,0,1,"{""type"":""1"",""size"":null,""indices"":null,""values"":[""0.9846723060540545"",""0.015327693945945464""]}"
18156,0,0,"{""type"":""1"",""size"":null,""indices"":null,""values"":[""0.9746390645806188"",""0.025360935419381225""]}"
18178,0,0,"{""type"":""1"",""size"":null,""indices"":null,""values"":[""0.9846884653234271"",""0.015311534676572869""]}"
18179,0,0,"{""type"":""1"",""size"":null,""indices"":null,""values"":[""0.8991333804225964"",""0.10086661957740362""]}"
18198,0,0,"{""type"":""1"",""size"":null,""indices"":null,""values"":[""0.9498448997574098"",""0.05015510024259018""]}"
18226,0,0,"{""type"":""1"",""size"":null,""indices"":null,""values"":[""0.9497938427063393"",""0.050206157293660736""]}"
18229,0,0,"{""type"":""1"",""size"":null,""indices"":null,""values"":[""0.9366671746475533"",""0.06333282535244666""]}"
18260,0,0,"{""type"":""1"",""size"":null,""indices"":null,""values"":[""0.9224617226389353"",""0.07753827736106467""]}"
